{"cameraMode":{"drawMode":0,"name":"Shaded","section":"Shading Mode"},"sceneLighting":false,"audioPlay":false,"sceneViewState":{"m_AlwaysRefresh":false,"showFog":true,"showSkybox":false,"showFlares":true,"showImageEffects":true,"showParticleSystems":true,"showVisualEffectGraphs":true,"m_FxEnabled":true},"in2DMode":false,"pivot":{"x":-0.004337310791015625,"y":7.390491008758545,"z":-0.009230375289916993},"rotation":{"x":-0.1584540605545044,"y":-0.5730850100517273,"z":0.11409410834312439,"w":-0.7960075736045837},"size":17.344837188720704,"orthographic":true}