{"cameraMode":{"drawMode":0,"name":"Shaded","section":"Shading Mode"},"sceneLighting":false,"audioPlay":false,"sceneViewState":{"m_AlwaysRefresh":false,"showFog":true,"showSkybox":false,"showFlares":true,"showImageEffects":true,"showParticleSystems":true,"showVisualEffectGraphs":true,"m_FxEnabled":true},"in2DMode":false,"pivot":{"x":2.3156626224517824,"y":7.390491008758545,"z":-10.349230766296387},"rotation":{"x":0.07202182710170746,"y":-0.36921799182891848,"z":0.029765965417027475,"w":0.9260762333869934},"size":8.576489448547364,"orthographic":false}