{"cameraMode":{"drawMode":0,"name":"Shaded","section":"Shading Mode"},"sceneLighting":false,"audioPlay":false,"sceneViewState":{"m_AlwaysRefresh":false,"showFog":true,"showSkybox":false,"showFlares":true,"showImageEffects":true,"showParticleSystems":true,"showVisualEffectGraphs":true,"m_FxEnabled":true},"in2DMode":false,"pivot":{"x":-48.599998474121097,"y":7.450366497039795,"z":0.000003337860107421875},"rotation":{"x":0.015582559630274773,"y":0.9834820032119751,"z":-0.10395466536283493,"w":0.14743222296237946},"size":8.576650619506836,"orthographic":false}